1,(1E)-1-{[(1E)-prop-1-ene-1-sulfinyl]sulfanyl}prop-1-ene,,,,,,,,,,,,,,,,,,,
2,"""(1R,2S,7R,8R)-2,18-diacetoxyasperdiol""",,,,,,,,,,,,,,,,,,,
3,"""(1R,3S,7R,8S,11S,12R)-3-hydroxy-1,4,8-trimethyl-12-(propan-2-yl)tricyclo[9.3.0.0]tetradec-4-en-6-one""",,,,,,,,,,,,,,,,,,,
4,"""(1R,4R,8S,11S,12R)-4-hydroxy-1,4,8-trimethyl-12-(propan-2-yl)tricyclo[9.3.0.0]tetradec-3(7)-en-6-one""",,,,,,,,,,,,,,,,,,,
5,(1Z)-(prop-2-en-1-ylidene)-lambda4-sulfanyliumolate,,,,,,,,,,,,,,,,,,,
6,"""(2E)-1-(1 ,3 -benzodioxol-5-yl)-3-(2-naphthyl)-2-propen-1-one""",,,,,,,,,,,,,,,,,,,
7,"""(2E)-1-(2 ,4 ,5 -trimethoxyphenyl)-3-(2-naphthyl)-2-propen-1-one""",,,,,,,,,,,,,,,,,,,
8,"""(2E)-1-(2 ,5 -dimethoxyphenyl)-3-(2-naphthyl)-2-propen-1-one""",,,,,,,,,,,,,,,,,,,
9,"""(2E)-1-(3 ,4 ,5 -trimethoxyphenyl)-3-(2-naphthyl)-2-propen-1-one""",,,,,,,,,,,,,,,,,,,
10,"""(2E)-1-(3 ,4 -dimethoxyphenyl)-3-(2-naphthyl)-2-propen-1-one""",,,,,,,,,,,,,,,,,,,
11,"""(2E)-1-(3 ,5 -dimethoxyphenyl)-3-(2-naphthyl)-2-propen-1-one""",,,,,,,,,,,,,,,,,,,
12,(2E)-1-[4-(4-nitrophenyl)piperazin-1-yl]-3-phenylprop-2-en-1-one,,,,,,,,,,,,,,,,,,,
13,(2E)-3-(3-hydroxy-4-methoxyphenyl)-1-phenylprop-2-en-1-one,,,,,,,,,,,,,,,,,,,
14,(2E)-3-(4-Hydroxy-3-methoxyphenyl)-1-phenyl-2-propen-1-one,,,,,,,,,,,,,,,,,,,
15,"""(2E)-5-[(1S,2R,4aR,8aR)-1,2,4a,5-tetramethyl-1,2,3,4,4a,7,8,8a-octahydronaphthalen-1-yl]-3-formylpent-2-enoic acid""",,,,,,,,,,,,,,,,,,,
16,(2E)-N-[3-(1H-imidazol-1-yl)propyl]-3-phenylprop-2-enamide,,,,,,,,,,,,,,,,,,,x
17,(2E)-N-[3-(1H-indol-3-yl)propyl]-3-phenylprop-2-enamide,,,,,,,,,,,,,,,,,,,
18,(2R)-2-amino-4-phenylbutanoic acid,,,,,,,,,,,,,,,,,,,
19,(2R)-2-amino-5-(1-nitrocarbamimidamido)pentanoic acid,,,,,,,,,,,,,,,,,,,
20,"""(2S)-2-amino-3-(1,3-thiazol-4-yl)propanoic acid""",,,,,,,,,,,,,,,,,,,
21,(2S)-2-amino-3-(4-tert-butylphenyl)propanoic acid,,,,,,,,,,,,,,,,,,,
22,"""(3R)-7-hydroxy-1,2,3,4-tetrahydroisoquinoline-3-carboxylic acid""",,,,,,,,,,,,,,,,,,,
23,(5-nitrofuran-2-yl)methyl (2E)-3-phenylprop-2-enoate,,,,,,,,,,,,,,,,,,,
24,"""(5E)-5-decylidene-1,3-thiazolidine-2,4-dione""",,,,,,,,,,,,,,,,,,,
25,(E)-3-Decen-2-one,,,,,,,,,,,,,,,,,,,
26,(R)-2-Amino-3-biphenyl-3-yl-propionic acid,,,,,,,,,,,,,,,,,,,
27,(R)-2-amino-3-cyclohexylpropanoic acid,,,,,,,,,,,,,,,,,,,
28,(R)-2-amino-3-cyclopentylpropanoic acid,,,,,,,,,,,,,,,,,,,
29,"""(Z)-5-decylidenethiazolidine-2,4-dione""",,,,,,,,,,,,,,,,,,,
30,(furan-2-yl)methyl (2E)-3-phenylprop-2-enoate,,,,,,,,,,,,,,,,,,,
31,"""1,3-dim-tolyurea""",,,,,,,,,,,,,,,,,,,
32,1-(4-amino-2-hydroxyphenyl)ethan-1-one,,,,,,,,,,,,,,,,,,,
33,1-(4-methoxyphenyl)-3-m-tolyurea,,,,,,,,,,,,,,,,,,,
34,1-(4-methoxyphenyl)-3-p-tolyurea,,,,,,,,,,,,,,,,,,,
35,1-(6-aminopyridin-3-yl)ethan-1-one,,,,,,,,,,,,,,,,,,,
36,1-(pyrazin-2-yl)ethan-1-one,,,,,,,,,,,,,,,,,,,
37,1-mesityl-3(4-nitrophenyl)urea,,,,,,,,,,,,,,,,,,,
38,1-methanesulfonyl-4-methylbenzene,,,,,,,,,,,,,,,,,,,
39,17-Deacetyl norgestimate,,,,,,,,,,,,,,,,,,,
40,"""2,3-dihydroxybenzoic acid""",,,,,,,,,,,,,,,,,,,
41,"""2,4-Dichlorophenylalanine""",,,,,,,,,,,,,,,,,,,
42,"""2,4-Dimethylphenylalanine""",,,,,,,,,,,,,,,,,,,
43,2- geranyloxy-1-(2-methylbutanoyl)phloroglucinol,,,,,,,,,,,,,,,,,,,
44,2-(Aminomethyl)-L-phenylalanine,,,,,,,,,,,,,,,,,,,
45,2-Carbamoylphenylalanine,,,,,,,,,,,,,,,,,,,
46,2-Chloro-DL-Phenylalanine,,,,,,,,,,,,,,,,,,,
47,2-Hexylmaleic anhydride,,,,,,,,,,,,,,,,,,,
48,2-Methoxy-4-propylphenol,,,,,,,,,,,,,,,,,,,
49,2-Methoxy-D-Phenylalanine,,,,,,,,,,,,,,,,,,,
50,2-amino-3-(2-nitrophenyl)propanoic acid,,,,,,,,,,,,,,,,,,,
51,2-amino-3-(3-chlorophenyl)propanoic acid,,,,,,,,,,,,,,,,,,,
52,2-amino-3-(3-nitrophenyl)propanoic acid,,,,,,,,,,,,,,,,,,,
53,2-amino-3-(prop-2-ene-1-sulfinyl)propanoic acid,,,,,,,,,,,,,,,,,,,
54,2-amino-5-methoxy-5-oxopentanoic acid,,,,,,,,,,,,,,,,,,,
55,2-methoxy-cinnamaldehyde,,,,,,,,,,,,,,,,,,,
56,2-oxindole,,,,,,,,,,,,,,,,,,,
57,"""3,3-Diphenyl-D-alanine""",,,,,,,,,,,,,,,,,,,
58,"""3,4-Dichlorophenylalanine""",,,,,,,,,,,,,,,,,,,
59,"""3,5-Diiodotyrosine""",,,,,,,,,,,,,,,,,,,
60,"""3,5-dibromotyrosined""",,,,,,,,,,,,,,,,,,,
61,"""3,5-dimethylaniline""",,,,,,,,,,,,,,,,,,,
62,3-(1-Naphthyl)-D-Alanine,,,,,,,,,,,,,,,,,,,
63,3-(2-Furyl)-D-alanine,,,,,,,,,,,,,,,,,,,
64,3-(2-Naphthyl)-D-alanine,,,,,,,,,,,,,,,,,,,
65,3-(2-Naphthyl)alanine,,,,,,,,,,,,,,,,,,,
66,3-(2-Thienyl)-D-alanine,,,,,,,,,,,,,,,,,,,
67,3-(2-Thienyl)alanine,,,,,,,,,,,,,,,,,,,
68,3-(Aminomethyl)-D-phenylalanine,,,,,,,,,,,,,,,,,,,
69,3-Carbamoylphenylalanine,,,,,,,,,,,,,,,,,,,
70,3-Chlorotyrosine,,,,,,,,,,,,,,,,,,,
71,3-Hydroxyphenylalanine,,,,,,,,,,,,,,,,,,,
72,3-Hydroxytyrosine,,,,,,,,,,,,,,,,,,,
73,3-Iodotyrosine,,,,,,,,,,,,,,,,,,,
74,3-Methoxy-D-Phenylalanine,,,,,,,,,,,,,,,,,,,
75,3-Methyl-D-phenylalanine,,,,,,,,,,,,,,,,,,,
76,3-Nitro-D-tyrosine,,,,,,,,,,,,,,,,,,,
77,3-Nitrophenylalanine,,,,,,,,,,,,,,,,,,,
78,3-[(prop-2-ene-1-sulfinyl)sulfanyl]prop-1-ene,,,,,,,,,,,,,,,,,,,
79,3-fluoroaniline,,,,,,,,,,,,,,,,,,,
80,3-geranyl-1-(2-methylbutanoyl)phloroglucinol,,,,,,,,,,,,,,,,,,,
81,3-oxo-C8-HSL,,,,,,,,,,,,,,,,,,,
82,3-tetra- decanoyltetronic,,,,,,,,,,,,,,,,,,,
83,"""4 alpha, 5 alpha-epoxy-10 alpha, 14H-1-epi-inuviscolide""",,,,,,,,,,,,,,,,,,,
84,"""4,5-dihydroxy-2,3-pentanedione""",,,,,,,,,,,,,,,,,,,
85,4-(2-methybutyryl)-4H-tomentosin,,,,,,,,,,,,,,,,,,,
86,4-(Aminomethyl)-D-phenylalanine,,,,,,,,,,,,,,,,,,,
87,4-Amino-D-phenylalanine,,,,,,,,,,,,,,,,,,,
88,4-Benzoylphenylalanine,,,,,,,,,,,,,,,,,,,
89,4-Ethylguaiacol,,,,,,,,,,,,,,,,,,,
90,"""4-Fluoro-(S)-4,5-Dihydroxypentane-2,3-dione""",,,,,,,,,,,,,,,,,,,
91,4-Iodo-d-phenylalanine,,,,,,,,,,,,,,,,,,,
92,4-Methylphenylalanine,,,,,,,,,,,,,,,,,,,
93,4-Nitro-D-phenylalanine,,,,,,,,,,,,,,,,,,,
94,"""4-Phenyl-N-((2R,3R,4S,5S,6R)-2,4,5-trihydroxy-6-(hydroxymethyl)tetrahydro-2H-pyran-3-yl)butanamide""",,,,,,,,,,,,,,,,,,,
95,4-hydroxy coumarin,,,,,,,,,,,,,,,,,,,
96,4-methanesulfonylaniline,,,,,,,,,,,,,,,,,,,
97,4-methoxy-cinnamaldehyde,,,,,,,,,,,,,,,,,,,
98,4H-tomentosin,,,,,,,,,,,,,,,,,,,
99,5 alpha-Epoxyalantolactone,,,,,,,,,,,,,,,,,,,
100,"""5,7,8,4-Tetramethoxyflavone""",,,,,,,,,,,,,,,,,,,
101,"""5,8,11,14-Eicosatetraynoic acid""",,,,,,,,,,,,,,,,,,,
102,"""5-Chloro-1-(2-chloroacetyl)indoline-2,3-dione""",,,,,,,,,,,,,,,,,,,
103,5-Fluorocytosine,,,,,,,,,,,,,,,,,,,
104,5-Fluorouracil,,,,,,,,,,,,,,,,,,,
105,7-formylindole,,,,,,,,,,,,,,,,,,,
106,7-hydroxyindole,,,,,,,,,,,,,,,,,,,
107,7-methoxyindole,,,,,,,,,,,,,,,,,,,
108,7-nitroindole,,,,,,,,,,,,,,,,,,,
109,"""9-hydroxy-2-propyl-4H-pyrido[1,2-a]pyrimidin-4-one""",,,,,,,,,,,,,,,,,,,
110,Abacavir,,,,,,,,,,,,,,,,,,,
111,Acetohydroxamic Acid,,,,,,,,,,,,,,,,,,,
112,Aciclovir,,,,,,,,,,,,,,,,,,,
113,Adefovir Dipivoxil,,,,,,,,,,,,,,,,,,,
114,Albendazole,,,,,,,,,,,,,,,,,,,
115,Allicin,,,,,,,,,,,,,,,,,,,
116,Aloe-emodin,,,,,,,,,,,,,,,,,,,
117,Amantadine,,,,,,,,,,,,,,,,,,,
118,Amikacin,,,,,,,,,,,,,,,,,,,
119,Aminosalicylic Acid,,,,,,,,,,,,,,,,,,,
120,Amlodipine,,,,,,,,,,,,,,,,,,,
121,Amoxicillin,,,,,,,,,,,,,,,,,,,
122,Amphotericin B,,,,,,,,,,,,,,,,,,,
123,Ampicillin,,,,,,,,,,,,,,,,,,,
124,Amprenavir,,,,,,,,,,,,,,,,,,,
125,Anidulafungin,,,,,,,,,,,,,,,,,,,
126,Aniline,,,,,,,,,,,,,,,,,,,
127,Anthraflavic acid,,,,,,,,,,,,,,,,,,,
128,Apigenin,,,,,,,,,,,,,,,,,,,
129,Apramycin,,,,,,,,,,,,,,,,,,,
130,Arbekacin,,,,,,,,,,,,,,,,,,,
131,Aspirin,,,,,,,,,,,,,,,,,,,
132,Atazanavir,,,,,,,,,,,,,,,,,,,
133,Atovaquone,,,,,,,,,,,,,,,,,,,
134,Auranofin,,,,,,,,,,,,,,,,,,,
135,Avibactam,,,,,,,,,,,,,,,,,,,
136,Azidocillin,,,,,,,,,,,,,,,,,,,
137,Azithromycin,,,,,,,,,,,,,,,,,,,
138,Azlocillin,,,,,,,,,,,,,,,,,,,
139,Aztreonam,,,,,,,,,,,,,,,,,,,
140,Bacalin hydrate,,,,,,,,,,,,,,,,,,,
141,Bacampicillin,,,,,,,,,,,,,,,,,,,
142,Bacitracin,,,,,,,,,,,,,,,,,,,
143,Baicalein,,,,,,,,,,,,,,,,,,,
144,Bedaquiline,,,,,,,,,,,,,,,,,,,
145,Benzbromarone,,,,,,,,,,,,,,,,,,,
146,Benzocaine,,,,,,,,,,,,,,,,,,,
147,Benzoylperoxide,,,,,,,,,,,,,,,,,,,
148,Benzylpenicillin,,,,,,,,,,,,,,,,,,,
149,Bergamottin,,,,,,,,,,,,,,,,,,,
150,Besifloxacin,,,,,,,,,,,,,,,,,,,
151,Betulin,,,,,,,,,,,,,,,,,,,
152,Betulinic acid,,,,,,,,,,,,,,,,,,,
153,Bevirimat,,,,,,,,,,,,,,,,,,,
154,Bifonazole,,,,,,,,,,,,,,,,,,,
155,Brecanavir,,,,,,,,,,,,,,,,,,,
156,"""Butane-1,4-diamine""",,,,,,,,,,,,,,,,,,,
157,Butanol,,,,,,,,,,,,,,,,,,,
158,Butein,,,,,,,,,,,,,,,,,,,
159,Butoconazole,,,,,,,,,,,,,,,,,,,
160,Butoconazole nitrate,,,,,,,,,,,,,,,,,,,
161,C4-HSL,,,,,,,,,,,,,,,,,,,
162,C6-HSL,,,,,,,,,,,,,,,,,,,
163,C8-HSL,,,,,,,,,,,,,,,,,,,
164,CAMA,,,,,,,,,,,,,,,,,,,
165,Caffeic Acid,,,,,,,,,,,,,,,,,,,
166,Caffeine,,,,,,,,,,,,,,,,,,,
167,Calanolide A,,,,,,,,,,,,,,,,,,,
168,Calcium chloride,,,,,,,,,,,,,,,,,,,
169,Camphene,,,,,,,,,,,,,,,,,,,
170,Capreomycin,,,,,,,,,,,,,,,,,,,
171,Carabrol,,,,,,,,,,,,,,,,,,,
172,Carabrone,,,,,,,,,,,,,,,,,,,
173,Carvacrol,,,,,,,,,,,,,,,,,,,
174,Caspofungin,,,,,,,,,,,,,,,,,,,
175,Catechin,,,,,,,,,,,,,,,,,,,
176,Cefacetrile,,,,,,,,,,,,,,,,,,,
177,Cefaclor,,,,,,,,,,,,,,,,,,,
178,Cefadroxil,,,,,,,,,,,,,,,,,,,
179,Cefalonium,,,,,,,,,,,,,,,,,,,
180,Cefalotin,,,,,,,,,,,,,,,,,,,
181,Cefamandole,,,,,,,,,,,,,,,,,,,
182,Cefapirin,,,,,,,,,,,,,,,,,,,
183,Cefazolin,,,,,,,,,,,,,,,,,,,
184,Cefditoren,,,,,,,,,,,,,,,,,,,
185,Cefepime,,,,,,,,,,,,,,,,,,,
186,Cefixime,,,,,,,,,,,,,,,,,,,
187,Cefmenoxime,,,,,,,,,,,,,,,,,,,
188,Cefmetazole,,,,,,,,,,,,,,,,,,,
189,Cefonicid,,,,,,,,,,,,,,,,,,,
190,Cefoperazone,,,,,,,,,,,,,,,,,,,
191,Ceforanide,,,,,,,,,,,,,,,,,,,
192,Cefotaxime,,,,,,,,,,,,,,,,,,,
193,Cefotetan,,,,,,,,,,,,,,,,,,,
194,Cefotiam,,,,,,,,,,,,,,,,,,,
195,Cefoxitin,,,,,,,,,,,,,,,,,,,
196,Cefpiramide,,,,,,,,,,,,,,,,,,,
197,Cefpodoxime,,,,,,,,,,,,,,,,,,,
198,Cefprozil,,,,,,,,,,,,,,,,,,,
199,Ceftazidime,,,,,,,,,,,,,,,,,,,
200,Ceftizoxime,,,,,,,,,,,,,,,,,,,
201,Ceftobiprole,,,,,,,,,,,,,,,,,,,
202,Ceftriaxone,,,,,,,,,,,,,,,,,,,
203,Cefuroxime,,,,,,,,,,,,,,,,,,,
204,Cephalexin,,,,,,,,,,,,,,,,,,,
205,Cephaloglycin,,,,,,,,,,,,,,,,,,,
206,Cerulenin,,,,,,,,,,,,,,,,,,,
207,Chloramphenicol,,,,,,,,,,,,,,,,,,,
208,Chlorhexidine,,,,,,,,,,,,,,,,,,,
209,Chloroxine,,,,,,,,,,,,,,,,,,,
210,Chlorpromazine,,,,,,,,,,,,,,,,,,,
211,Chrysin,,,,,,,,,,,,,,,,,,,
212,Chrysophanol,,,,,,,,,,,,,,,,,,,
213,Ciclopirox ethanolamine,,,,,,,,,,,,,,,,,,,
214,Cidofovir,,,,,,,,,,,,,,,,,,,
215,Cinnamaldehyde,,,,,,,,,,,,,,,,,,,
216,Cinnamon oil,,,,,,,,,,,,,,,,,,,
217,Cinoxacin,,,,,,,,,,,,,,,,,,,
218,Ciprofloxacin,,,,,,,,,,,,,,,,,,,
219,Citral,,,,,,,,,,,,,,,,,,,
220,Clarithromycin,,,,,,,,,,,,,,,,,,,
221,Clavulanate,,,,,,,,,,,,,,,,,,,
222,Clindamycin,,,,,,,,,,,,,,,,,,,
223,Clioquinol,,,,,,,,,,,,,,,,,,,
224,Clofazimine,,,,,,,,,,,,,,,,,,,
225,Clomocycline,,,,,,,,,,,,,,,,,,,
226,Clotrimazole,,,,,,,,,,,,,,,,,,,
227,Cloxacillin,,,,,,,,,,,,,,,,,,,
228,Clozapine,,,,,,,,,,,,,,,,,,,
229,Colistin,,,,,,,,,,,,,,,,,,,
230,Copper sulfate,,,,,,,,,,,,,,,,,,,
231,Coumarin,,,,,,,,,,,,,,,,,,,
232,Crocin,,,,,,,,,,,,,,,,,,,
233,Curcumin,,,,,,,,,,,,,,,,,,,
234,Cyclacillin,,,,,,,,,,,,,,,,,,,
235,Cycloserine,,,,,,,,,,,,,,,,,,,
236,D-2-Methylphenylalanine,,,,,,,,,,,,,,,,,,,
237,D-2-aminoadipic acid,,,,,,,,,,,,,,,,,,,
238,D-Alanine,,,,,,,,,,,,,,,,,,,
239,D-Asparagine,,,,,,,,,,,,,,,,,,,
240,D-Aspartic acid,,,,,,,,,,,,,,,,,,,
241,D-Citrulline,,,,,,,,,,,,,,,,,,,
242,D-Cystine,,,,,,,,,,,,,,,,,,,
243,D-Histidine,,,,,,,,,,,,,,,,,,,
244,D-Leucine,,,,,,,,,,,,,,,,,,,
245,D-Methionine,,,,,,,,,,,,,,,,,,,
246,D-Phenylalanine,,,,,,,,,,,,,,,,,,,
247,D-Proline,,,,,,,,,,,,,,,,,,,
248,D-Tryptophan,,,,,,,,,,,,,,,,,,,
249,D-Tyrosine,,,,,,,,,,,,,,,,,,,
250,D-glutamine,,,,,,,,,,,,,,,,,,,
251,D-tert-Leucine,,,,,,,,,,,,,,,,,,,
252,D/L-Aspartate,,,,,,,,,,,,,,,,,,,
253,Daclatasvir,,,,,,,,,,,,,,,,,,,
254,Daidzein,,,,,,,,,,,,,,,,,,,
255,Dalfopristin,,,,,,,,,,,,,,,,,,,
256,Danthron,,,,,,,,,,,,,,,,,,,
257,Dapsone,,,,,,,,,,,,,,,,,,,
258,Daptomycin,,,,,,,,,,,,,,,,,,,
259,Darunavir,,,,,,,,,,,,,,,,,,,
260,Delavirdine,,,,,,,,,,,,,,,,,,,
261,Demeclocycline,,,,,,,,,,,,,,,,,,,
262,Desipramine,,,,,,,,,,,,,,,,,,,
263,Dezocine,,,,,,,,,,,,,,,,,,,
264,DiHydroxyBenzoFuran,,,,,,,,,,,,,,,,,,,
265,Diazepam,,,,,,,,,,,,,,,,,,,
266,Dicloxacillin,,,,,,,,,,,,,,,,,,,
267,Didanosine,,,,,,,,,,,,,,,,,,,
268,"""Dihydroxybenzoic Acid (2,3-DHBA)""",,,,,,,,,,,,,,,,,,,
269,"""Dihydroxybenzoic Acid (2,4-DHBA)""",,,,,,,,,,,,,,,,,,,
270,"""Dihydroxybenzoic Acid (3,4-DHBA)""",,,,,,,,,,,,,,,,,,,
271,Dimethyl Sulfoxide,,,,,,,,,,,,,,,,,,,
272,Dirithromycin,,,,,,,,,,,,,,,,,,,
273,Dodecyl beta-maltoside,,,,,,,,,,,,,,,,,,,
274,Dolutegravir,,,,,,,,,,,,,,,,,,,
275,Doripenem,,,,,,,,,,,,,,,,,,,
276,Doxycycline,,,,,,,,,,,,,,,,,,,
277,Econazole,,,,,,,,,,,,,,,,,,,
278,Econazole nitrate,,,,,,,,,,,,,,,,,,,
279,Efavirenz,,,,,,,,,,,,,,,,,,,
280,Elemental silver,,,,,,,,,,,,,,,,,,,
281,Ellagic Acid,,,,,,,,,,,,,,,,,,,
282,Emodin,,,,,,,,,,,,,,,,,,,
283,Emtricitabine,,,,,,,,,,,,,,,,,,,
284,Enalapril,,,,,,,,,,,,,,,,,,,
285,Enoxacin,,,,,,,,,,,,,,,,,,,
286,Ephedrine,,,,,,,,,,,,,,,,,,,
287,Epicatechin,,,,,,,,,,,,,,,,,,,
288,Epigallocatechin,,,,,,,,,,,,,,,,,,,
289,Epigallocatechin Gallate,,,,,,,,,,,,,,,,,,,
290,Ertapenem,,,,,,,,,,,,,,,,,,,
291,Erythritol,,,,,,,,,,,,,,,,,,,
292,Erythromycin,,,,,,,,,,,,,,,,,,,
293,Esculin,,,,,,,,,,,,,,,,,,,
294,Esomeprazole,,,,,,,,,,,,,,,,,,,
295,Ethambutol,,,,,,,,,,,,,,,,,,,
296,"""Ethane-1,2-diamine""",,,,,,,,,,,,,,,,,,,
297,Ethyl acetate,,,,,,,,,,,,,,,,,,,
298,Ethylenediametetraacetic acid,,,,,,,,,,,,,,,,,,,
299,Eugenol,,,,,,,,,,,,,,,,,,,
300,FK506,,,,,,,,,,,,,,,,,,,
301,Farnesol,,,,,,,,,,,,,,,,,,,
302,Fenclonine,,,,,,,,,,,,,,,,,,,
303,Ferulic Acid,,,,,,,,,,,,,,,,,,,
304,Flavone,,,,,,,,,,,,,,,,,,,
305,Fleroxacin,,,,,,,,,,,,,,,,,,,
306,Floxacillin,,,,,,,,,,,,,,,,,,,
307,Flucloxacillin,,,,,,,,,,,,,,,,,,,
308,Fluconazole,,,,,,,,,,,,,,,,,,,
309,Fluspiriline,,,,,,,,,,,,,,,,,,,
310,Fosamprenavir,,,,,,,,,,,,,,,,,,,
311,Fosaphenytoin,,,,,,,,,,,,,,,,,,,
312,Fosfomycin,,,,,,,,,,,,,,,,,,,
313,Framycetin,,,,,,,,,,,,,,,,,,,
314,Fusidic Acid,,,,,,,,,,,,,,,,,,,
315,GW-9662,,,,,,,,,,,,,,,,,,,
316,Gallium Nitrate,,,,,,,,,,,,,,,,,,,
317,Gallium cation,,,,,,,,,,,,,,,,,,,
318,Gallocatechin,,,,,,,,,,,,,,,,,,,
319,Gallocatechin gallate,,,,,,,,,,,,,,,,,,,
320,Ganciclovir,,,,,,,,,,,,,,,,,,,
321,Gatifloxacin,,,,,,,,,,,,,,,,,,,
322,Gemifloxacin,,,,,,,,,,,,,,,,,,,
323,Genistein,,,,,,,,,,,,,,,,,,,
324,Gentamicin,,,,,,,,,,,,,,,,,,,
325,Glipizide,,,,,,,,,,,,,,,,,,,
326,Glucose,,,,,,,,,,,,,,,,,,,
327,Grepafloxacin,,,,,,,,,,,,,,,,,,,
328,Guaiacol,,,,,,,,,,,,,,,,,,,
329,Heptadecanoic acid,,,,,,,,,,,,,,,,,,,
330,Hesperetin,,,,,,,,,,,,,,,,,,,
331,Hesperidin,,,,,,,,,,,,,,,,,,,
332,Hetacillin,,,,,,,,,,,,,,,,,,,
333,Hexachlorophene,,,,,,,,,,,,,,,,,,,
334,Hinokitiol,,,,,,,,,,,,,,,,,,,
335,Hydrogen peroxide,,,,,,,,,,,,,,,,,,,
336,Hypericin,,,,,,,,,,,,,,,,,,,
337,Hyperoside,,,,,,,,,,,,,,,,,,,
338,Ibuprofen,,,,,,,,,,,,,,,,,,,
339,Idoxuridine,,,,,,,,,,,,,,,,,,,
340,Imipenem,,,,,,,,,,,,,,,,,,,
341,Imperatorin,,,,,,,,,,,,,,,,,,,
342,Indinavir,,,,,,,,,,,,,,,,,,,
343,Indirubin,,,,,,,,,,,,,,,,,,,
344,Indole,,,,,,,,,,,,,,,,,,,
345,Indole-3-acetaldehyde,,,,,,,,,,,,,,,,,,,
346,Indole-3-acetamide,,,,,,,,,,,,,,,,,,,
347,Indole-3-acetic acid,,,,,,,,,,,,,,,,,,,
348,Indole-3-carboxyaldehyde,,,,,,,,,,,,,,,,,,,
349,Irinotecan,,,,,,,,,,,,,,,,,,,
350,Isatin,,,,,,,,,,,,,,,,,,,
351,Isobutanol,,,,,,,,,,,,,,,,,,,
352,Isoconazole,,,,,,,,,,,,,,,,,,,
353,Isoeugenol,,,,,,,,,,,,,,,,,,,
354,Isoliquiritigenin,,,,,,,,,,,,,,,,,,,
355,Isoniazid,,,,,,,,,,,,,,,,,,,
356,Isopropanol,,,,,,,,,,,,,,,,,,,
357,Isosilybin A,,,,,,,,,,,,,,,,,,,
358,Itraconazole,,,,,,,,,,,,,,,,,,,
359,Ivalin,,,,,,,,,,,,,,,,,,,
360,Josamycin,,,,,,,,,,,,,,,,,,,
361,Kaempherol,,,,,,,,,,,,,,,,,,,
362,Kanamycin,,,,,,,,,,,,,,,,,,,
363,Kaurenoic acid,,,,,,,,,,,,,,,,,,,
364,Ketoconazole,,,,,,,,,,,,,,,,,,,
365,Kojic acid,,,,,,,,,,,,,,,,,,,
366,L-4-Carbamoylphenylalanine,,,,,,,,,,,,,,,,,,,
367,L-Canavanine,,,,,,,,,,,,,,,,,,,
368,L-Phenylalanine,,,,,,,,,,,,,,,,,,,
369,L-Phenylalanine-D-Lysine,,,,,,,,,,,,,,,,,,,
370,L-Phenylalanine-L-Lysine,,,,,,,,,,,,,,,,,,,
371,L-Tyrosine,,,,,,,,,,,,,,,,,,,
372,L-carnosine,,,,,,,,,,,,,,,,,,,
373,L-cysteic acid,,,,,,,,,,,,,,,,,,,
374,L-pipecolic acid,,,,,,,,,,,,,,,,,,,
375,L-tryptophan,,,,,,,,,,,,,,,,,,,
376,Lamivudine,,,,,,,,,,,,,,,,,,,
377,Latamoxef,,,,,,,,,,,,,,,,,,,
378,Levofloxacin,,,,,,,,,,,,,,,,,,,
379,Limonene,,,,,,,,,,,,,,,,,,,
380,Linalool,,,,,,,,,,,,,,,,,,,
381,Linezolid,,,,,,,,,,,,,,,,,,,
382,Lipoic acid,,,,,,,,,,,,,,,,,,,
383,Lomefloxacin,,,,,,,,,,,,,,,,,,,
384,Lopinavir,,,,,,,,,,,,,,,,,,,
385,Lorazepam,,,,,,,,,,,,,,,,,,,
386,Losartran,,,,,,,,,,,,,,,,,,,
387,Luteolin,,,,,,,,,,,,,,,,,,,
388,Lymecycline,,,,,,,,,,,,,,,,,,,
389,Malabaricone C,,,,,,,,,,,,,,,,,,,
390,Mefloquine,,,,,,,,,,,,,,,,,,,
391,Menthol,,,,,,,,,,,,,,,,,,,
392,Merimepodib,,,,,,,,,,,,,,,,,,,
393,Meropenem,,,,,,,,,,,,,,,,,,,
394,Methacycline,,,,,,,,,,,,,,,,,,,
395,Methyl eugenol,,,,,,,,,,,,,,,,,,,
396,Methyl indole-7-carboxylate,,,,,,,,,,,,,,,,,,,
397,Meticillin,,,,,,,,,,,,,,,,,,,
398,Metronidazole,,,,,,,,,,,,,,,,,,,
399,Mezlocillin,,,,,,,,,,,,,,,,,,,
400,Micafungin,,,,,,,,,,,,,,,,,,,
401,Miconazole,,,,,,,,,,,,,,,,,,,
402,Midazolam,,,,,,,,,,,,,,,,,,,
403,Minocycline,,,,,,,,,,,,,,,,,,,
404,Mitomycin C,,,,,,,,,,,,,,,,,,,
405,Moxifloxacin,,,,,,,,,,,,,,,,,,,
406,Myricetin,,,,,,,,,,,,,,,,,,,
407,Myricitrin,,,,,,,,,,,,,,,,,,,
408,Myristic acid,,,,,,,,,,,,,,,,,,,
409,"""N-((1E)-{4-ethoxy-3-[(8-oxo-1,5,6,8-tetrahydro-2H-1,5-methanopyrido[1,2-a][1,5]diazocin-3(4H)-yl)methyl]phenyl}methylene)-3,4,5-trihydroxybenzohydrazide""",,,,,,,,,,,,,,,,,,,
410,"""N-((2R,3R,4S,5S,6R)-2,4,5-Trihydroxy-6-(hydroxymethyl)tetrahydro-2H-pyran-3-yl)butyramide""",,,,,,,,,,,,,,,,,,,
411,"""N-(1,3-Thiazol-2-yl)butanamide""",,,,,,,,,,,,,,,,,,,
412,N-(2-Pyridinyl)butanamide,,,,,,,,,,,,,,,,,,,
413,N-(2-Pyrimidinyl)butanamide,,,,,,,,,,,,,,,,,,,
414,N-(4-Hydroxyphenyl)butanamide,,,,,,,,,,,,,,,,,,,
415,N-(4-Pyridinyl)butanamide,,,,,,,,,,,,,,,,,,,
416,"""N-(5-Methyl-1,2-oxazol-3-yl)butanamide""",,,,,,,,,,,,,,,,,,,
417,N-Acetylcysteine,,,,,,,,,,,,,,,,,,,
418,N-Ethylacetanilide,,,,,,,,,,,,,,,,,,,
419,N-decanoyl-L- homoserine benzyl ester,,,,,,,,,,,,,,,,,,,
420,NA8,,,,,,,,,,,,,,,,,,,
421,NaCl,,,,,,,,,,,,,,,,,,,
422,Nafcillin,,,,,,,,,,,,,,,,,,,
423,Naringenin,,,,,,,,,,,,,,,,,,,
424,Nelfinavir,,,,,,,,,,,,,,,,,,,
425,Neohesperidin,,,,,,,,,,,,,,,,,,,
426,Nerolidol,,,,,,,,,,,,,,,,,,,
427,Netilmicin,,,,,,,,,,,,,,,,,,,
428,Nevirapine,,,,,,,,,,,,,,,,,,,
429,Niacinamide,,,,,,,,,,,,,,,,,,,
430,Niclosamide,,,,,,,,,,,,,,,,,,,
431,Nitazoxanide,,,,,,,,,,,,,,,,,,,
432,Nitrofural,,,,,,,,,,,,,,,,,,,
433,Nitrofurantoin,,,,,,,,,,,,,,,,,,,
434,Nodakenetin,,,,,,,,,,,,,,,,,,,
435,Norfloxacin,,,,,,,,,,,,,,,,,,,
436,Norgestimate,,,,,,,,,,,,,,,,,,,
437,Novobiocin,,,,,,,,,,,,,,,,,,,
438,Nystatin,,,,,,,,,,,,,,,,,,,
439,O-Methyl-D-tyrosine,,,,,,,,,,,,,,,,,,,
440,Octyl gallate,,,,,,,,,,,,,,,,,,,
441,Ofloxacin,,,,,,,,,,,,,,,,,,,
442,Oleanolic Acid,,,,,,,,,,,,,,,,,,,
443,Oleic Acid,,,,,,,,,,,,,,,,,,,
444,Olmesartran,,,,,,,,,,,,,,,,,,,
445,Oseltamivir,,,,,,,,,,,,,,,,,,,
446,Oxacillin,,,,,,,,,,,,,,,,,,,
447,Oxantel,,,,,,,,,,,,,,,,,,,
448,Oxiconazole nitrate,,,,,,,,,,,,,,,,,,,
449,Oxyresveratrol,,,,,,,,,,,,,,,,,,,
450,Oxytetracycline,,,,,,,,,,,,,,,,,,,
451,Palmitic acid,,,,,,,,,,,,,,,,,,,
452,Pantaprazole,,,,,,,,,,,,,,,,,,,
453,Paromomycin,,,,,,,,,,,,,,,,,,,
454,Patulin,,,,,,,,,,,,,,,,,,,
455,Pefloxacin,,,,,,,,,,,,,,,,,,,
456,Penciclovir,,,,,,,,,,,,,,,,,,,
457,Penicillenol A1,,,,,,,,,,,,,,,,,,,
458,Penicillenol A2,,,,,,,,,,,,,,,,,,,
459,Penicillenol B1,,,,,,,,,,,,,,,,,,,
460,Penicillenol B2,,,,,,,,,,,,,,,,,,,
461,Penicillenol C1,,,,,,,,,,,,,,,,,,,
462,Penicillenol C2,,,,,,,,,,,,,,,,,,,
463,Penicillin G,,,,,,,,,,,,,,,,,,,
464,Pentagalloylglucose,,,,,,,,,,,,,,,,,,,
465,Pentanol,,,,,,,,,,,,,,,,,,,
466,Phenobarbitone,,,,,,,,,,,,,,,,,,,
467,Phenoxymethylpenicillin,,,,,,,,,,,,,,,,,,,
468,Phenyl-arginine-b-naphthylamide,,,,,,,,,,,,,,,,,,,
469,Phenytoin,,,,,,,,,,,,,,,,,,,
470,Phloretin,,,,,,,,,,,,,,,,,,,
471,Phosphate,,,,,,,,,,,,,,,,,,,
472,Phosphorylserine,,,,,,,,,,,,,,,,,,,
473,Picolinic acid,,,,,,,,,,,,,,,,,,,
474,Pinguisenol,,,,,,,,,,,,,,,,,,,
475,Piperacillin,,,,,,,,,,,,,,,,,,,
476,Pivampicillin,,,,,,,,,,,,,,,,,,,
477,Pivmecillinam,,,,,,,,,,,,,,,,,,,
478,Polymyxin B,,,,,,,,,,,,,,,,,,,
479,Posaconazole,,,,,,,,,,,,,,,,,,,
480,Praziquantel,,,,,,,,,,,,,,,,,,,
481,Propanol,,,,,,,,,,,,,,,,,,,
482,Propyl gallate,,,,,,,,,,,,,,,,,,,
483,Protocatechuic acid,,,,,,,,,,,,,,,,,,,
484,Pseudomonas Quinolone Signal,,,,,,,,,,,,,,,,,,,
485,Pyrazinamide,,,,,,,,,,,,,,,,,,,
486,Pyrimethamine,,,,,,,,,,,,,,,,,,,
487,Pyrogallol,,,,,,,,,,,,,,,,,,,
488,Quercetin,,,,,,,,,,,,,,,,,,,
489,Quinine,,,,,,,,,,,,,,,,,,,
490,Quinizarin,,,,,,,,,,,,,,,,,,,
491,Quinolin-8-ol,,,,,,,,,,,,,,,,,,,
492,Quinupristin,,,,,,,,,,,,,,,,,,,
493,Raltegravir,,,,,,,,,,,,,,,,,,,
494,Reserpine,,,,,,,,,,,,,,,,,,,
495,Resorcinol,,,,,,,,,,,,,,,,,,,
496,Resveratrol,,,,,,,,,,,,,,,,,,,
497,Rhein,,,,,,,,,,,,,,,,,,,
498,Ribavirin,,,,,,,,,,,,,,,,,,,
499,Rifabutin,,,,,,,,,,,,,,,,,,,
500,Rifalazil,,,,,,,,,,,,,,,,,,,
501,Rifampicin,,,,,,,,,,,,,,,,,,,
502,Rifapentine,,,,,,,,,,,,,,,,,,,
503,Rilpivirine,,,,,,,,,,,,,,,,,,,
504,Rimantadine,,,,,,,,,,,,,,,,,,,
505,Ritonavir,,,,,,,,,,,,,,,,,,,
506,Rosoxacin,,,,,,,,,,,,,,,,,,,
507,Rufloxacin,,,,,,,,,,,,,,,,,,,
508,Rutin,,,,,,,,,,,,,,,,,,,
509,S-(4-tolyl)-L-cysteine,,,,,,,,,,,,,,,,,,,
510,S-carboxylmethyl-L-cysteine,,,,,,,,,,,,,,,,,,,
511,S-ethyl-L-cysteine,,,,,,,,,,,,,,,,,,,
512,S-methyl- L-cysteine,,,,,,,,,,,,,,,,,,,
513,S-phenyl-L-cysteine,,,,,,,,,,,,,,,,,,,
514,SQ109,,,,,,,,,,,,,,,,,,,
515,Saquinavir,,,,,,,,,,,,,,,,,,,
516,Scopoletin,,,,,,,,,,,,,,,,,,,
517,Sertaconazole nitrate,,,,,,,,,,,,,,,,,,,
518,Silver cation,,,,,,,,,,,,,,,,,,,
519,Silver nitrate,,,,,,,,,,,,,,,,,,,
520,Silver sulfadiazine,,,,,,,,,,,,,,,,,,,
521,Silybin,,,,,,,,,,,,,,,,,,,
522,Simeprevir,,,,,,,,,,,,,,,,,,,
523,Sinapic acid,,,,,,,,,,,,,,,,,,,
524,Sinefungin,,,,,,,,,,,,,,,,,,,
525,Sodium Chloride,,,,,,,,,,,,,,,,,,,
526,Sodium ascorbate,,,,,,,,,,,,,,,,,,,
527,Sodium sulfate,,,,,,,,,,,,,,,,,,,
528,Sorbitol,,,,,,,,,,,,,,,,,,,
529,Spermine,,,,,,,,,,,,,,,,,,,
530,Stavudine,,,,,,,,,,,,,,,,,,,
531,Stearic acid,,,,,,,,,,,,,,,,,,,
532,Streptomycin,,,,,,,,,,,,,,,,,,,
533,Sucrose,,,,,,,,,,,,,,,,,,,
534,Sulbactam,,,,,,,,,,,,,,,,,,,
535,Sulfacetamide,,,,,,,,,,,,,,,,,,,
536,Sulfacytine,,,,,,,,,,,,,,,,,,,
537,Sulfadiazine,,,,,,,,,,,,,,,,,,,
538,Sulfadoxine,,,,,,,,,,,,,,,,,,,
539,Sulfalene,,,,,,,,,,,,,,,,,,,
540,Sulfamerazine,,,,,,,,,,,,,,,,,,,
541,Sulfamethazine,,,,,,,,,,,,,,,,,,,
542,Sulfamethizole,,,,,,,,,,,,,,,,,,,
543,Sulfamethoxazole,,,,,,,,,,,,,,,,,,,
544,Sulfamoxole,,,,,,,,,,,,,,,,,,,
545,Sulfanilamide,,,,,,,,,,,,,,,,,,,
546,Sulfaphenazole,,,,,,,,,,,,,,,,,,,
547,Sulfathiazole,,,,,,,,,,,,,,,,,,,
548,Sulfisoxazole,,,,,,,,,,,,,,,,,,,
549,Tannic acid,,,,,,,,,,,,,,,,,,,
550,Taurine,,,,,,,,,,,,,,,,,,,
551,Tazobactam,,,,,,,,,,,,,,,,,,,
552,Telaprevir,,,,,,,,,,,,,,,,,,,
553,Telekin,,,,,,,,,,,,,,,,,,,
554,Telithromycin,,,,,,,,,,,,,,,,,,,
555,Tenofovir,,,,,,,,,,,,,,,,,,,
556,Terconazole,,,,,,,,,,,,,,,,,,,
557,Terpinene-4-ol,,,,,,,,,,,,,,,,,,,
558,Tert-butanol,,,,,,,,,,,,,,,,,,,
559,Tetracycline,,,,,,,,,,,,,,,,,,,
560,Thimerosal,,,,,,,,,,,,,,,,,,,
561,Thymol,,,,,,,,,,,,,,,,,,,
562,Ticarcillin,,,,,,,,,,,,,,,,,,,
563,Tigecycline,,,,,,,,,,,,,,,,,,,
564,Timolol,,,,,,,,,,,,,,,,,,,
565,Tioconazole,,,,,,,,,,,,,,,,,,,
566,Tipranavir,,,,,,,,,,,,,,,,,,,
567,Titanium dioxide,,,,,,,,,,,,,,,,,,,
568,Tobramycin,,,,,,,,,,,,,,,,,,,
569,Tobramycin-bismuth-ethanedithiol,,,,,,,,,,,,,,,,,,,
570,Tomentosin,,,,,,,,,,,,,,,,,,,
571,Toremifene,,,,,,,,,,,,,,,,,,,
572,Tricaine,,,,,,,,,,,,,,,,,,,
573,Triclosan,,,,,,,,,,,,,,,,,,,
574,Trovafloxacin,,,,,,,,,,,,,,,,,,,
575,Tyrphostin 9,,,,,,,,,,,,,,,,,,,
576,Umbelliferone,,,,,,,,,,,,,,,,,,,
577,Undecanoic acid,,,,,,,,,,,,,,,,,,,
578,Undecyl beta-maltoside,,,,,,,,,,,,,,,,,,,
579,Uracil,,,,,,,,,,,,,,,,,,,
580,Ursolic acid,,,,,,,,,,,,,,,,,,,
581,Vancomycin,,,,,,,,,,,,,,,,,,,
582,Vanillic acid,,,,,,,,,,,,,,,,,,,
583,Vanillin,,,,,,,,,,,,,,,,,,,
584,Vanillylacetone,,,,,,,,,,,,,,,,,,,
585,Verapamil,,,,,,,,,,,,,,,,,,,
586,Vidarabine,,,,,,,,,,,,,,,,,,,
587,Viomycin,,,,,,,,,,,,,,,,,,,
588,Virginiamycin M1,,,,,,,,,,,,,,,,,,,
589,Vitamin C,,,,,,,,,,,,,,,,,,,
590,Vitamin E,,,,,,,,,,,,,,,,,,,
591,Voriconazole,,,,,,,,,,,,,,,,,,,
592,YC-1 compound,,,,,,,,,,,,,,,,,,,
593,Yohimbine hydrochloride,,,,,,,,,,,,,,,,,,,
594,Zalcitabine,,,,,,,,,,,,,,,,,,,
595,Zanamivir,,,,,,,,,,,,,,,,,,,
596,Zeaxanthin,,,,,,,,,,,,,,,,,,,
597,Zidovudine,,,,,,,,,,,,,,,,,,,
598,Zinc,,,,,,,,,,,,,,,,,,,
599,Zinc oxide,,,,,,,,,,,,,,,,,,,
600,Zinc sulfate,,,,,,,,,,,,,,,,,,,
601,Zotepine,,,,,,,,,,,,,,,,,,,
602,alpha-Humulene,,,,,,,,,,,,,,,,,,,
603,alpha-Longipinene,,,,,,,,,,,,,,,,,,,
604,alpha-Pinene,,,,,,,,,,,,,,,,,,,
605,alpha-costic acid,,,,,,,,,,,,,,,,,,,
606,alpha-tocopherol,,,,,,,,,,,,,,,,,,,
607,beta-Caryophyllene,,,,,,,,,,,,,,,,,,,
608,beta-Pinene,,,,,,,,,,,,,,,,,,,
609,cis-4-Hydroxy-L-proline,,,,,,,,,,,,,,,,,,,
610,cyclophosphamide,,,,,,,,,,,,,,,,,,,
611,digoxin,,,,,,,,,,,,,,,,,,,
612,faropenem medoxomil,,,,,,,,,,,,,,,,,,,
613,knightine,,,,,,,,,,,,,,,,,,,
614,meta-toluidine,,,,,,,,,,,,,,,,,,,
615,n-Methyl-D-valine,,,,,,,,,,,,,,,,,,,
616,nimesulide,,,,,,,,,,,,,,,,,,,
617,nitrazepam,,,,,,,,,,,,,,,,,,,
618,"""octane-1,8-diamine""",,,,,,,,,,,,,,,,,,,
619,p-Coumaric acid,,,,,,,,,,,,,,,,,,,
620,p-nitrophenyl glycerol,,,,,,,,,,,,,,,,,,,
621,para-anisidine,,,,,,,,,,,,,,,,,,,
622,para-ethoxyaniline,,,,,,,,,,,,,,,,,,,
623,para-ethylaniline,,,,,,,,,,,,,,,,,,,
624,para-toluidine,,,,,,,,,,,,,,,,,,,
625,salicylic acid,,,,,,,,,,,,,,,,,,,
626,sorivudine,,,,,,,,,,,,,,,,,,,
627,trans-Resveratrol,,,,,,,,,,,,,,,,,,,
